-- ============================================================
-- 06 — CLOSURE SQL SKELETON (NOT APPLIED)
--
-- Reference migrations derived from the closure tickets in
-- 05-closure-plan.md. Intended as a seed for the real migration
-- files (00149 onward). Ordering is by dependency, not by number.
--
-- DO NOT apply this file directly. Split into sequentially
-- numbered migrations under supabase/migrations/ after
-- per-ticket review.
-- ============================================================


-- ┌─────────────────────────────────────────────────────────┐
-- │ C-RBAC-01 — Register 12 canonical project-role UUIDs    │
-- └─────────────────────────────────────────────────────────┘
-- Assumes `roles(id uuid, slug text, scope text)` exists from
-- earlier migrations; adapt column names if schema differs.

INSERT INTO public.roles (id, slug, scope, name) VALUES
  ('00000000-0000-0000-0000-000000000301', 'executive',  'project', 'Executive'),
  ('00000000-0000-0000-0000-000000000302', 'production', 'project', 'Production'),
  ('00000000-0000-0000-0000-000000000303', 'management', 'project', 'Management'),
  ('00000000-0000-0000-0000-000000000304', 'crew',       'project', 'Crew'),
  ('00000000-0000-0000-0000-000000000305', 'staff',      'project', 'Staff'),
  ('00000000-0000-0000-0000-000000000306', 'talent',     'project', 'Talent'),
  ('00000000-0000-0000-0000-000000000307', 'vendor',     'project', 'Vendor'),
  ('00000000-0000-0000-0000-000000000308', 'client',     'project', 'Client'),
  ('00000000-0000-0000-0000-000000000309', 'sponsor',    'project', 'Sponsor'),
  ('00000000-0000-0000-0000-000000000310', 'press',      'project', 'Press'),
  ('00000000-0000-0000-0000-000000000311', 'guest',      'project', 'Guest'),
  ('00000000-0000-0000-0000-000000000312', 'attendee',   'project', 'Attendee')
ON CONFLICT (id) DO UPDATE SET
  slug = EXCLUDED.slug,
  scope = EXCLUDED.scope,
  name = EXCLUDED.name;


-- ┌─────────────────────────────────────────────────────────┐
-- │ C-RBAC-02 — Permission bundle storage                   │
-- └─────────────────────────────────────────────────────────┘

CREATE TABLE IF NOT EXISTS public.role_permission_bundles (
  role      project_role  NOT NULL,
  resource  text          NOT NULL,
  action    text          NOT NULL CHECK (action IN
    ('create','read','update','delete','manage','invite',
     'approve','export','configure','bulk_invite','impersonate')),
  allow     boolean       NOT NULL DEFAULT true,
  updated_at timestamptz  NOT NULL DEFAULT now(),
  PRIMARY KEY (role, resource, action)
);

ALTER TABLE public.role_permission_bundles ENABLE ROW LEVEL SECURITY;

CREATE POLICY bundles_read  ON public.role_permission_bundles FOR SELECT USING (true);
CREATE POLICY bundles_write ON public.role_permission_bundles FOR ALL USING (
  EXISTS (SELECT 1 FROM org_users u
          WHERE u.user_id = auth.uid()
            AND u.role IN ('developer','owner','admin'))
);

-- Seed examples (production bundle extract — full seed generated by scripts/generate-rbac.ts)
INSERT INTO public.role_permission_bundles (role, resource, action) VALUES
  ('production','advances','create'),
  ('production','advances','read'),
  ('production','advances','update'),
  ('production','advances','approve'),
  ('production','credentials','create'),
  ('production','credentials','read'),
  ('production','credentials','update'),
  ('production','shifts','create'),
  ('production','shifts','read'),
  ('production','shifts','update')
ON CONFLICT DO NOTHING;


-- ┌─────────────────────────────────────────────────────────┐
-- │ C-STATE-01 — Allowed-transitions table + trigger        │
-- └─────────────────────────────────────────────────────────┘

CREATE TABLE IF NOT EXISTS public.role_stage_transitions (
  from_state     role_lifecycle_state NOT NULL,
  to_state       role_lifecycle_state NOT NULL,
  allowed_roles  project_role[]        NOT NULL,
  PRIMARY KEY (from_state, to_state)
);

INSERT INTO public.role_stage_transitions (from_state, to_state, allowed_roles) VALUES
  ('discovery','qualification',          ARRAY['executive','production','management']::project_role[]),
  ('qualification','onboarding',         ARRAY['executive','production','management']::project_role[]),
  ('onboarding','contracting',           ARRAY['executive','production','management']::project_role[]),
  ('contracting','scheduling',           ARRAY['production','management']::project_role[]),
  ('scheduling','advancing',             ARRAY['production','management']::project_role[]),
  ('advancing','deployment',             ARRAY['production','management']::project_role[]),
  ('deployment','active_operations',     ARRAY['production','management','crew','staff']::project_role[]),
  ('active_operations','demobilization', ARRAY['production','management']::project_role[]),
  ('demobilization','settlement',        ARRAY['executive','production','management']::project_role[]),
  ('settlement','reconciliation',        ARRAY['executive','management']::project_role[]),
  ('reconciliation','archival',          ARRAY['executive','production','management']::project_role[]),
  ('archival','closeout',                ARRAY['executive']::project_role[])
ON CONFLICT DO NOTHING;

CREATE OR REPLACE FUNCTION public.fn_enforce_lifecycle_transition()
RETURNS trigger LANGUAGE plpgsql AS $$
DECLARE
  actor_role project_role;
BEGIN
  IF OLD.lifecycle_state IS NOT DISTINCT FROM NEW.lifecycle_state THEN
    RETURN NEW;
  END IF;

  SELECT role INTO actor_role
  FROM project_users
  WHERE user_id = auth.uid()
    AND project_id = NEW.project_id
    AND invite_status = 'accepted'
  LIMIT 1;

  IF NOT EXISTS (
    SELECT 1 FROM role_stage_transitions
    WHERE from_state = OLD.lifecycle_state
      AND to_state   = NEW.lifecycle_state
      AND actor_role = ANY(allowed_roles)
  ) THEN
    RAISE EXCEPTION 'invalid_role_lifecycle_transition: % → % by %',
      OLD.lifecycle_state, NEW.lifecycle_state, actor_role
      USING ERRCODE = '22000';
  END IF;

  RETURN NEW;
END $$;


-- ┌─────────────────────────────────────────────────────────┐
-- │ C-STATE-02 — Closeout immutability trigger              │
-- └─────────────────────────────────────────────────────────┘

CREATE OR REPLACE FUNCTION public.fn_enforce_closeout_immutability()
RETURNS trigger LANGUAGE plpgsql AS $$
DECLARE
  override_reason text := current_setting('app.closeout_override_reason', true);
  platform_role text;
BEGIN
  IF TG_OP = 'UPDATE' AND OLD.lifecycle_state = 'closeout' THEN
    SELECT role INTO platform_role FROM org_users
      WHERE user_id = auth.uid() AND role = 'developer' LIMIT 1;
    IF platform_role IS NULL OR override_reason IS NULL THEN
      RAISE EXCEPTION 'closeout_immutable' USING ERRCODE = '22000';
    END IF;
  END IF;
  RETURN NEW;
END $$;


-- ┌─────────────────────────────────────────────────────────┐
-- │ C-STATE-03 — Lifecycle column on project_users          │
-- └─────────────────────────────────────────────────────────┘

ALTER TABLE public.project_users
  ADD COLUMN IF NOT EXISTS lifecycle_state role_lifecycle_state NOT NULL DEFAULT 'discovery';

CREATE TRIGGER trg_project_users_lifecycle_transition
  BEFORE UPDATE OF lifecycle_state ON public.project_users
  FOR EACH ROW EXECUTE FUNCTION fn_enforce_lifecycle_transition();

CREATE TRIGGER trg_project_users_closeout_immutable
  BEFORE UPDATE OR DELETE ON public.project_users
  FOR EACH ROW EXECUTE FUNCTION fn_enforce_closeout_immutability();


-- ┌─────────────────────────────────────────────────────────┐
-- │ C-STATE-04 — Audit log of transitions                   │
-- └─────────────────────────────────────────────────────────┘

CREATE TABLE IF NOT EXISTS public.project_role_events (
  id         uuid PRIMARY KEY DEFAULT gen_random_uuid(),
  project_id uuid NOT NULL REFERENCES projects(id) ON DELETE CASCADE,
  user_id    uuid NOT NULL,
  role       project_role NOT NULL,
  from_state role_lifecycle_state,
  to_state   role_lifecycle_state NOT NULL,
  actor_id   uuid NOT NULL,
  actor_role text NOT NULL,
  reason     text,
  at         timestamptz NOT NULL DEFAULT now()
);

CREATE INDEX IF NOT EXISTS idx_project_role_events_project_at
  ON public.project_role_events(project_id, at DESC);

ALTER TABLE public.project_role_events ENABLE ROW LEVEL SECURITY;
CREATE POLICY events_read ON public.project_role_events FOR SELECT USING (
  project_id IN (SELECT project_id FROM project_users WHERE user_id = auth.uid())
);
CREATE POLICY events_insert ON public.project_role_events FOR INSERT WITH CHECK (true);

CREATE OR REPLACE FUNCTION public.fn_log_role_transition()
RETURNS trigger LANGUAGE plpgsql AS $$
BEGIN
  IF OLD.lifecycle_state IS DISTINCT FROM NEW.lifecycle_state THEN
    INSERT INTO project_role_events (project_id, user_id, role,
                                     from_state, to_state,
                                     actor_id, actor_role)
    VALUES (NEW.project_id, NEW.user_id, NEW.role,
            OLD.lifecycle_state, NEW.lifecycle_state,
            auth.uid(),
            COALESCE((SELECT role::text FROM project_users
                      WHERE user_id = auth.uid()
                        AND project_id = NEW.project_id LIMIT 1),
                     'platform'));
  END IF;
  RETURN NEW;
END $$;

CREATE TRIGGER trg_project_users_log_transition
  AFTER UPDATE OF lifecycle_state ON public.project_users
  FOR EACH ROW EXECUTE FUNCTION fn_log_role_transition();


-- ┌─────────────────────────────────────────────────────────┐
-- │ C-CRED-01/02 — Credentials + zone access                │
-- └─────────────────────────────────────────────────────────┘

CREATE TYPE credential_tier AS ENUM
  ('all_access','production','vendor','talent','press','guest','general_admission');

CREATE TABLE IF NOT EXISTS public.credentials (
  id              uuid PRIMARY KEY DEFAULT gen_random_uuid(),
  project_id      uuid NOT NULL REFERENCES projects(id) ON DELETE CASCADE,
  holder_user_id  uuid NOT NULL,
  holder_role     project_role NOT NULL,
  tier            credential_tier NOT NULL,
  qr_token        text NOT NULL UNIQUE,
  issued_by       uuid NOT NULL,
  issued_at       timestamptz NOT NULL DEFAULT now(),
  revoked_at      timestamptz,
  revoked_reason  text
);

CREATE TABLE IF NOT EXISTS public.zone_access_grants (
  id             uuid PRIMARY KEY DEFAULT gen_random_uuid(),
  credential_id  uuid NOT NULL REFERENCES credentials(id) ON DELETE CASCADE,
  zone_id        uuid NOT NULL REFERENCES zones(id) ON DELETE CASCADE,
  granted_by     uuid NOT NULL,
  from_at        timestamptz NOT NULL DEFAULT now(),
  until_at       timestamptz
);

CREATE TYPE zone_scan_direction AS ENUM ('in','out');

CREATE TABLE IF NOT EXISTS public.zone_access_events (
  id             uuid PRIMARY KEY DEFAULT gen_random_uuid(),
  credential_id  uuid NOT NULL REFERENCES credentials(id) ON DELETE CASCADE,
  zone_id        uuid NOT NULL REFERENCES zones(id) ON DELETE CASCADE,
  scanned_at     timestamptz NOT NULL DEFAULT now(),
  device_id      text,
  direction      zone_scan_direction NOT NULL,
  denied_reason  text
);

CREATE INDEX IF NOT EXISTS idx_zae_credential_at
  ON public.zone_access_events(credential_id, scanned_at);

ALTER TABLE public.credentials        ENABLE ROW LEVEL SECURITY;
ALTER TABLE public.zone_access_grants ENABLE ROW LEVEL SECURITY;
ALTER TABLE public.zone_access_events ENABLE ROW LEVEL SECURITY;

-- (Per-table policies elided for brevity; follow C-RLS-01 uniform pattern.)


-- ┌─────────────────────────────────────────────────────────┐
-- │ C-EX-TBL — Exceptions                                   │
-- └─────────────────────────────────────────────────────────┘

CREATE TYPE role_lifecycle_exception_kind AS ENUM (
  'cancellation','no_show','reassignment','force_majeure',
  'change_order','dispute','chargeback','credential_revocation',
  'incident','tax_correction'
);

CREATE TABLE IF NOT EXISTS public.role_lifecycle_exceptions (
  id              uuid PRIMARY KEY DEFAULT gen_random_uuid(),
  project_user_id uuid NOT NULL REFERENCES project_users(id) ON DELETE CASCADE,
  kind            role_lifecycle_exception_kind NOT NULL,
  raised_by       uuid NOT NULL,
  raised_at       timestamptz NOT NULL DEFAULT now(),
  resolved_by     uuid,
  resolved_at     timestamptz,
  resolution      text,
  payload         jsonb NOT NULL DEFAULT '{}'::jsonb
);


-- ┌─────────────────────────────────────────────────────────┐
-- │ C-STATE-05 — Project closeout gate                      │
-- └─────────────────────────────────────────────────────────┘

CREATE OR REPLACE FUNCTION public.fn_project_closeout_eligibility(p_project_id uuid)
RETURNS boolean LANGUAGE sql STABLE AS $$
  SELECT NOT EXISTS (
    SELECT 1 FROM project_users
    WHERE project_id = p_project_id
      AND lifecycle_state NOT IN ('archival','closeout')
  );
$$;

CREATE OR REPLACE FUNCTION public.fn_enforce_project_closeout()
RETURNS trigger LANGUAGE plpgsql AS $$
BEGIN
  IF NEW.status = 'closed' AND OLD.status IS DISTINCT FROM 'closed' THEN
    IF NOT fn_project_closeout_eligibility(NEW.id) THEN
      RAISE EXCEPTION 'project_closeout_blocked: role lifecycles incomplete'
        USING ERRCODE = '22000';
    END IF;
  END IF;
  RETURN NEW;
END $$;

CREATE TRIGGER trg_projects_closeout_gate
  BEFORE UPDATE OF status ON public.projects
  FOR EACH ROW EXECUTE FUNCTION fn_enforce_project_closeout();


-- ┌─────────────────────────────────────────────────────────┐
-- │ C-DATA-02 — Classification crosswalks (UNSPSC/NIGP/NAICS)│
-- └─────────────────────────────────────────────────────────┘

CREATE TABLE IF NOT EXISTS public.classification_crosswalks (
  id             uuid PRIMARY KEY DEFAULT gen_random_uuid(),
  uac_cat_code   text,
  uac_sub_code   text,
  project_role   project_role,
  unspsc_code    text,
  nigp_code      text,
  naics_code     text,
  notes          text,
  UNIQUE (uac_sub_code, project_role)
);

-- Seed stub; full seed from authoritative sources in a separate file.
INSERT INTO public.classification_crosswalks (project_role, naics_code, notes) VALUES
  ('executive','5511','Management of Companies'),
  ('production','7120','Performing Arts, Spectator Sports, and Related'),
  ('management','5612','Facilities Support Services'),
  ('crew','7115','Independent Artists, Writers, and Performers'),
  ('staff','5612','Facilities Support Services'),
  ('talent','7111','Performing Arts Companies'),
  ('vendor',NULL,'Map via vendor.uac_sub_code'),
  ('client','5418','Advertising, PR, and Related'),
  ('sponsor','5418','Advertising, PR, and Related'),
  ('press','5111','Newspaper, Periodical, Book, and Directory Publishers')
ON CONFLICT DO NOTHING;


-- ============================================================
-- End of skeleton. Full closure plan: docs/audit/role-lifecycle/
-- ============================================================
